Line,Stations,Station Code,FR Code,1 Train Code,1 Arrive Time,1 Towards,2 Train Code,2 Arrive Time,2 Towards,3 Train Code,3 Arrive Time,3 Towards,4 Train Code,4 Arrive Time,4 Towards,5 Train Code,5 Arrive Time,5 Towards,6 Train Code,6 Arrive Time,6 Towards,7 Train Code,7 Arrive Time,7 Towards,8 Train Code,8 Arrive Time,8 Towards,9 Train Code,9 Arrive Time,9 Towards,10 Train Code,10 Arrive Time,10 Towards,11 Train Code,11 Arrive Time,11 Towards,12 Train Code,12 Arrive Time,12 Towards,13 Train Code,13 Arrive Time,13 Towards,14 Train Code,14 Arrive Time,14 Towards,15 Train Code,15 Arrive Time,15 Towards,16 Train Code,16 Arrive Time,16 Towards,17 Train Code,17 Arrive Time,17 Towards,18 Train Code,18 Arrive Time,18 Towards,19 Train Code,19 Arrive Time,19 Towards,20 Train Code,20 Arrive Time,20 Towards,21 Train Code,21 Arrive Time,21 Towards,22 Train Code,22 Arrive Time,22 Towards,23 Train Code,23 Arrive Time,23 Towards,24 Train Code,24 Arrive Time,24 Towards,25 Train Code,25 Arrive Time,25 Towards,26 Train Code,26 Arrive Time,26 Towards,27 Train Code,27 Arrive Time,27 Towards,28 Train Code,28 Arrive Time,28 Towards,29 Train Code,29 Arrive Time,29 Towards,30 Train Code,30 Arrive Time,30 Towards,31 Train Code,31 Arrive Time,31 Towards,32 Train Code,32 Arrive Time,32 Towards,33 Train Code,33 Arrive Time,33 Towards,34 Train Code,34 Arrive Time,34 Towards,35 Train Code,35 Arrive Time,35 Towards,36 Train Code,36 Arrive Time,36 Towards,37 Train Code,37 Arrive Time,37 Towards,38 Train Code,38 Arrive Time,38 Towards,39 Train Code,39 Arrive Time,39 Towards,40 Train Code,40 Arrive Time,40 Towards,41 Train Code,41 Arrive Time,41 Towards,42 Train Code,42 Arrive Time,42 Towards,43 Train Code,43 Arrive Time,43 Towards,44 Train Code,44 Arrive Time,44 Towards,45 Train Code,45 Arrive Time,45 Towards,46 Train Code,46 Arrive Time,46 Towards,47 Train Code,47 Arrive Time,47 Towards,48 Train Code,48 Arrive Time,48 Towards,49 Train Code,49 Arrive Time,49 Towards,50 Train Code,50 Arrive Time,50 Towards,51 Train Code,51 Arrive Time,51 Towards,52 Train Code,52 Arrive Time,52 Towards,53 Train Code,53 Arrive Time,53 Towards,54 Train Code,54 Arrive Time,54 Towards,55 Train Code,55 Arrive Time,55 Towards,56 Train Code,56 Arrive Time,56 Towards,57 Train Code,57 Arrive Time,57 Towards,58 Train Code,58 Arrive Time,58 Towards,59 Train Code,59 Arrive Time,59 Towards,60 Train Code,60 Arrive Time,60 Towards,61 Train Code,61 Arrive Time,61 Towards,62 Train Code,62 Arrive Time,62 Towards,63 Train Code,63 Arrive Time,63 Towards,64 Train Code,64 Arrive Time,64 Towards,65 Train Code,65 Arrive Time,65 Towards,66 Train Code,66 Arrive Time,66 Towards,67 Train Code,67 Arrive Time,67 Towards,68 Train Code,68 Arrive Time,68 Towards,69 Train Code,69 Arrive Time,69 Towards,70 Train Code,70 Arrive Time,70 Towards,71 Train Code,71 Arrive Time,71 Towards,72 Train Code,72 Arrive Time,72 Towards,73 Train Code,73 Arrive Time,73 Towards,74 Train Code,74 Arrive Time,74 Towards,75 Train Code,75 Arrive Time,75 Towards,76 Train Code,76 Arrive Time,76 Towards,77 Train Code,77 Arrive Time,77 Towards,78 Train Code,78 Arrive Time,78 Towards,79 Train Code,79 Arrive Time,79 Towards,80 Train Code,80 Arrive Time,80 Towards,81 Train Code,81 Arrive Time,81 Towards,82 Train Code,82 Arrive Time,82 Towards,83 Train Code,83 Arrive Time,83 Towards,84 Train Code,84 Arrive Time,84 Towards,85 Train Code,85 Arrive Time,85 Towards,86 Train Code,86 Arrive Time,86 Towards,87 Train Code,87 Arrive Time,87 Towards,88 Train Code,88 Arrive Time,88 Towards,89 Train Code,89 Arrive Time,89 Towards,90 Train Code,90 Arrive Time,90 Towards,91 Train Code,91 Arrive Time,91 Towards,92 Train Code,92 Arrive Time,92 Towards,93 Train Code,93 Arrive Time,93 Towards,94 Train Code,94 Arrive Time,94 Towards,95 Train Code,95 Arrive Time,95 Towards,96 Train Code,96 Arrive Time,96 Towards,97 Train Code,97 Arrive Time,97 Towards,98 Train Code,98 Arrive Time,98 Towards,99 Train Code,99 Arrive Time,99 Towards,100 Train Code,100 Arrive Time,100 Towards,101 Train Code,101 Arrive Time,101 Towards,102 Train Code,102 Arrive Time,102 Towards,103 Train Code,103 Arrive Time,103 Towards,104 Train Code,104 Arrive Time,104 Towards,105 Train Code,105 Arrive Time,105 Towards,106 Train Code,106 Arrive Time,106 Towards,107 Train Code,107 Arrive Time,107 Towards,108 Train Code,108 Arrive Time,108 Towards,109 Train Code,109 Arrive Time,109 Towards,110 Train Code,110 Arrive Time,110 Towards,111 Train Code,111 Arrive Time,111 Towards,112 Train Code,112 Arrive Time,112 Towards,113 Train Code,113 Arrive Time,113 Towards,114 Train Code,114 Arrive Time,114 Towards,115 Train Code,115 Arrive Time,115 Towards,116 Train Code,116 Arrive Time,116 Towards,117 Train Code,117 Arrive Time,117 Towards,118 Train Code,118 Arrive Time,118 Towards,119 Train Code,119 Arrive Time,119 Towards,120 Train Code,120 Arrive Time,120 Towards,121 Train Code,121 Arrive Time,121 Towards,122 Train Code,122 Arrive Time,122 Towards,123 Train Code,123 Arrive Time,123 Towards,124 Train Code,124 Arrive Time,124 Towards,125 Train Code,125 Arrive Time,125 Towards,126 Train Code,126 Arrive Time,126 Towards,127 Train Code,127 Arrive Time,127 Towards,128 Train Code,128 Arrive Time,128 Towards,129 Train Code,129 Arrive Time,129 Towards,130 Train Code,130 Arrive Time,130 Towards,131 Train Code,131 Arrive Time,131 Towards,132 Train Code,132 Arrive Time,132 Towards,133 Train Code,133 Arrive Time,133 Towards,134 Train Code,134 Arrive Time,134 Towards,135 Train Code,135 Arrive Time,135 Towards,136 Train Code,136 Arrive Time,136 Towards,137 Train Code,137 Arrive Time,137 Towards,138 Train Code,138 Arrive Time,138 Towards,139 Train Code,139 Arrive Time,139 Towards,140 Train Code,140 Arrive Time,140 Towards,141 Train Code,141 Arrive Time,141 Towards,142 Train Code,142 Arrive Time,142 Towards,143 Train Code,143 Arrive Time,143 Towards,144 Train Code,144 Arrive Time,144 Towards,145 Train Code,145 Arrive Time,145 Towards,146 Train Code,146 Arrive Time,146 Towards,147 Train Code,147 Arrive Time,147 Towards,148 Train Code,148 Arrive Time,148 Towards,149 Train Code,149 Arrive Time,149 Towards,
8,암사,2811,810,8003,05:30:00,모란,8005,05:40:00,모란,8007,05:50:00,모란,8009,06:00:00,모란,8011,06:10:00,모란,8013,06:20:00,모란,8015,06:29:00,모란,8017,06:38:00,모란,8019,06:47:00,모란,8021,06:55:00,모란,8023,07:02:00,모란,8025,07:08:00,모란,8027,07:14:00,모란,8029,07:20:00,모란,8031,07:26:00,모란,8033,07:32:00,모란,8035,07:38:00,모란,8037,07:44:00,모란,8039,07:49:00,모란,8041,07:53:30,모란,8043,07:58:00,모란,8045,08:02:30,모란,8047,08:07:00,모란,8049,08:11:30,모란,8051,08:16:00,모란,8053,08:20:30,모란,8055,08:25:00,모란,8057,08:29:30,모란,8059,08:34:00,모란,8061,08:39:00,모란,8063,08:44:00,모란,8065,08:49:00,모란,8067,08:55:00,모란,8069,09:01:00,모란,8071,09:07:00,모란,8073,09:13:00,모란,8075,09:20:00,모란,8077,09:27:00,모란,8079,09:34:00,모란,8081,09:41:00,모란,8083,09:49:00,모란,8085,09:57:00,모란,8087,10:05:00,모란,8089,10:13:00,모란,8091,10:21:00,모란,8093,10:29:00,모란,8095,10:37:00,모란,8097,10:45:00,모란,8099,10:53:00,모란,8101,11:01:00,모란,8103,11:09:00,모란,8105,11:17:00,모란,8107,11:25:00,모란,8109,11:33:00,모란,8111,11:41:00,모란,8113,11:49:00,모란,8115,11:57:00,모란,8117,12:05:00,모란,8119,12:13:00,모란,8121,12:21:00,모란,8123,12:29:00,모란,8125,12:37:00,모란,8127,12:45:00,모란,8129,12:53:00,모란,8131,13:01:00,모란,8133,13:09:00,모란,8135,13:17:00,모란,8137,13:25:00,모란,8139,13:33:00,모란,8141,13:41:00,모란,8143,13:49:00,모란,8145,13:57:00,모란,8147,14:05:00,모란,8149,14:13:00,모란,8151,14:21:00,모란,8153,14:29:00,모란,8155,14:37:00,모란,8157,14:45:00,모란,8159,14:53:00,모란,8161,15:01:00,모란,8163,15:09:00,모란,8165,15:17:00,모란,8167,15:25:00,모란,8169,15:33:00,모란,8171,15:41:00,모란,8173,15:49:00,모란,8175,15:57:00,모란,8177,16:05:00,모란,8179,16:13:00,모란,8181,16:21:00,모란,8183,16:29:00,모란,8185,16:37:00,모란,8187,16:45:00,모란,8189,16:53:00,모란,8191,17:01:00,모란,8193,17:09:00,모란,8195,17:17:00,모란,8197,17:25:00,모란,8199,17:33:00,모란,8201,17:41:00,모란,8203,17:49:00,모란,8205,17:56:00,모란,8207,18:02:00,모란,8209,18:08:00,모란,8211,18:14:00,모란,8213,18:20:00,모란,8215,18:26:00,모란,8217,18:32:00,모란,8219,18:38:00,모란,8221,18:44:00,모란,8223,18:50:00,모란,8225,18:56:00,모란,8227,19:02:00,모란,8229,19:08:00,모란,8231,19:14:00,모란,8233,19:20:00,모란,8235,19:26:30,모란,8237,19:33:00,모란,8239,19:39:30,모란,8241,19:46:00,모란,8243,19:53:00,모란,8245,20:00:00,모란,8247,20:07:00,모란,8249,20:14:00,모란,8251,20:21:00,모란,8253,20:28:00,모란,8255,20:35:00,모란,8257,20:42:00,모란,8259,20:50:00,모란,8261,20:58:00,모란,8263,21:06:00,모란,8265,21:14:00,모란,8267,21:22:00,모란,8269,21:30:00,모란,8271,21:38:00,모란,8273,21:46:00,모란,8275,21:55:00,모란,8277,22:04:00,모란,8279,22:13:00,모란,8281,22:22:00,모란,8283,22:31:00,모란,8285,22:40:00,모란,8287,22:50:00,모란,8289,23:00:00,모란,8291,23:10:00,모란,8293,23:22:00,모란,8295,23:35:00,모란,8297,23:50:00,가락시장, , , ,
8,천호,2812,811,8003,05:31:30,모란,8005,05:41:30,모란,8007,05:51:30,모란,8009,06:01:30,모란,8011,06:11:30,모란,8013,06:21:30,모란,8015,06:30:30,모란,8017,06:39:30,모란,8019,06:48:30,모란,8021,06:56:30,모란,8023,07:03:30,모란,8025,07:09:30,모란,8027,07:15:30,모란,8029,07:21:30,모란,8031,07:27:30,모란,8033,07:33:30,모란,8035,07:39:30,모란,8037,07:45:30,모란,8039,07:50:30,모란,8041,07:55:00,모란,8043,07:59:30,모란,8045,08:04:00,모란,8047,08:08:30,모란,8049,08:13:00,모란,8051,08:17:30,모란,8053,08:22:00,모란,8055,08:26:30,모란,8057,08:31:00,모란,8059,08:35:30,모란,8061,08:40:30,모란,8063,08:45:30,모란,8065,08:50:30,모란,8067,08:56:30,모란,8069,09:02:30,모란,8071,09:08:30,모란,8073,09:14:30,모란,8075,09:21:30,모란,8077,09:28:30,모란,8079,09:35:30,모란,8081,09:42:30,모란,8083,09:50:30,모란,8085,09:58:30,모란,8087,10:06:30,모란,8089,10:14:30,모란,8091,10:22:30,모란,8093,10:30:30,모란,8095,10:38:30,모란,8097,10:46:30,모란,8099,10:54:30,모란,8101,11:02:30,모란,8103,11:10:30,모란,8105,11:18:30,모란,8107,11:26:30,모란,8109,11:34:30,모란,8111,11:42:30,모란,8113,11:50:30,모란,8115,11:58:30,모란,8117,12:06:30,모란,8119,12:14:30,모란,8121,12:22:30,모란,8123,12:30:30,모란,8125,12:38:30,모란,8127,12:46:30,모란,8129,12:54:30,모란,8131,13:02:30,모란,8133,13:10:30,모란,8135,13:18:30,모란,8137,13:26:30,모란,8139,13:34:30,모란,8141,13:42:30,모란,8143,13:50:30,모란,8145,13:58:30,모란,8147,14:06:30,모란,8149,14:14:30,모란,8151,14:22:30,모란,8153,14:30:30,모란,8155,14:38:30,모란,8157,14:46:30,모란,8159,14:54:30,모란,8161,15:02:30,모란,8163,15:10:30,모란,8165,15:18:30,모란,8167,15:26:30,모란,8169,15:34:30,모란,8171,15:42:30,모란,8173,15:50:30,모란,8175,15:58:30,모란,8177,16:06:30,모란,8179,16:14:30,모란,8181,16:22:30,모란,8183,16:30:30,모란,8185,16:38:30,모란,8187,16:46:30,모란,8189,16:54:30,모란,8191,17:02:30,모란,8193,17:10:30,모란,8195,17:18:30,모란,8197,17:26:30,모란,8199,17:34:30,모란,8201,17:42:30,모란,8203,17:50:30,모란,8205,17:57:30,모란,8207,18:03:30,모란,8209,18:09:30,모란,8211,18:15:30,모란,8213,18:21:30,모란,8215,18:27:30,모란,8217,18:33:30,모란,8219,18:39:30,모란,8221,18:45:30,모란,8223,18:51:30,모란,8225,18:57:30,모란,8227,19:03:30,모란,8229,19:09:30,모란,8231,19:15:30,모란,8233,19:21:30,모란,8235,19:28:00,모란,8237,19:34:30,모란,8239,19:41:00,모란,8241,19:47:30,모란,8243,19:54:30,모란,8245,20:01:30,모란,8247,20:08:30,모란,8249,20:15:30,모란,8251,20:22:30,모란,8253,20:29:30,모란,8255,20:36:30,모란,8257,20:43:30,모란,8259,20:51:30,모란,8261,20:59:30,모란,8263,21:07:30,모란,8265,21:15:30,모란,8267,21:23:30,모란,8269,21:31:30,모란,8271,21:39:30,모란,8273,21:47:30,모란,8275,21:56:30,모란,8277,22:05:30,모란,8279,22:14:30,모란,8281,22:23:30,모란,8283,22:32:30,모란,8285,22:41:30,모란,8287,22:51:30,모란,8289,23:01:30,모란,8291,23:11:30,모란,8293,23:23:30,모란,8295,23:36:30,모란,8297,23:51:30,가락시장, , , ,
8,강동구청,2813,812,8003,05:33:40,모란,8005,05:43:30,모란,8007,05:53:30,모란,8009,06:03:30,모란,8011,06:13:30,모란,8013,06:23:30,모란,8015,06:32:30,모란,8017,06:41:30,모란,8019,06:50:30,모란,8021,06:58:30,모란,8023,07:05:30,모란,8025,07:11:30,모란,8027,07:17:30,모란,8029,07:23:30,모란,8031,07:29:30,모란,8033,07:35:30,모란,8035,07:41:30,모란,8037,07:47:30,모란,8039,07:52:30,모란,8041,07:57:00,모란,8043,08:01:30,모란,8045,08:06:00,모란,8047,08:10:30,모란,8049,08:15:00,모란,8051,08:19:30,모란,8053,08:24:00,모란,8055,08:28:30,모란,8057,08:33:00,모란,8059,08:37:30,모란,8061,08:42:30,모란,8063,08:47:30,모란,8065,08:52:30,모란,8067,08:58:30,모란,8069,09:04:30,모란,8071,09:10:30,모란,8073,09:16:30,모란,8075,09:23:30,모란,8077,09:30:30,모란,8079,09:37:30,모란,8081,09:44:30,모란,8083,09:52:30,모란,8085,10:00:30,모란,8087,10:08:30,모란,8089,10:16:30,모란,8091,10:24:30,모란,8093,10:32:30,모란,8095,10:40:30,모란,8097,10:48:30,모란,8099,10:56:30,모란,8101,11:04:30,모란,8103,11:12:30,모란,8105,11:20:30,모란,8107,11:28:30,모란,8109,11:36:30,모란,8111,11:44:30,모란,8113,11:52:30,모란,8115,12:00:30,모란,8117,12:08:30,모란,8119,12:16:30,모란,8121,12:24:30,모란,8123,12:32:30,모란,8125,12:40:30,모란,8127,12:48:30,모란,8129,12:56:30,모란,8131,13:04:30,모란,8133,13:12:30,모란,8135,13:20:30,모란,8137,13:28:30,모란,8139,13:36:30,모란,8141,13:44:30,모란,8143,13:52:30,모란,8145,14:00:30,모란,8147,14:08:30,모란,8149,14:16:30,모란,8151,14:24:30,모란,8153,14:32:30,모란,8155,14:40:30,모란,8157,14:48:30,모란,8159,14:56:30,모란,8161,15:04:30,모란,8163,15:12:30,모란,8165,15:20:30,모란,8167,15:28:30,모란,8169,15:36:30,모란,8171,15:44:30,모란,8173,15:52:30,모란,8175,16:00:30,모란,8177,16:08:30,모란,8179,16:16:30,모란,8181,16:24:30,모란,8183,16:32:30,모란,8185,16:40:30,모란,8187,16:48:30,모란,8189,16:56:30,모란,8191,17:04:30,모란,8193,17:12:30,모란,8195,17:20:30,모란,8197,17:28:30,모란,8199,17:36:30,모란,8201,17:44:30,모란,8203,17:52:30,모란,8205,17:59:30,모란,8207,18:05:30,모란,8209,18:11:30,모란,8211,18:17:30,모란,8213,18:23:30,모란,8215,18:29:30,모란,8217,18:35:30,모란,8219,18:41:30,모란,8221,18:47:30,모란,8223,18:53:30,모란,8225,18:59:30,모란,8227,19:05:30,모란,8229,19:11:30,모란,8231,19:17:30,모란,8233,19:23:30,모란,8235,19:30:00,모란,8237,19:36:30,모란,8239,19:43:00,모란,8241,19:49:30,모란,8243,19:56:30,모란,8245,20:03:30,모란,8247,20:10:30,모란,8249,20:17:30,모란,8251,20:24:30,모란,8253,20:31:30,모란,8255,20:38:30,모란,8257,20:45:30,모란,8259,20:53:30,모란,8261,21:01:30,모란,8263,21:09:30,모란,8265,21:17:30,모란,8267,21:25:30,모란,8269,21:33:30,모란,8271,21:41:30,모란,8273,21:49:30,모란,8275,21:58:30,모란,8277,22:07:30,모란,8279,22:16:30,모란,8281,22:25:30,모란,8283,22:34:30,모란,8285,22:43:30,모란,8287,22:53:30,모란,8289,23:03:30,모란,8291,23:13:30,모란,8293,23:25:40,모란,8295,23:38:40,모란,8297,23:53:40,가락시장, , , ,
8,몽촌토성,2814,813,8003,05:36:10,모란,8005,05:46:00,모란,8007,05:56:00,모란,8009,06:06:00,모란,8011,06:16:00,모란,8013,06:26:00,모란,8015,06:35:00,모란,8017,06:44:00,모란,8019,06:53:00,모란,8021,07:01:00,모란,8023,07:08:00,모란,8025,07:14:10,모란,8027,07:20:10,모란,8029,07:26:10,모란,8031,07:32:10,모란,8033,07:38:10,모란,8035,07:44:10,모란,8037,07:50:10,모란,8039,07:55:10,모란,8041,07:59:40,모란,8043,08:04:10,모란,8045,08:08:40,모란,8047,08:13:10,모란,8049,08:17:40,모란,8051,08:22:10,모란,8053,08:26:40,모란,8055,08:31:10,모란,8057,08:35:40,모란,8059,08:40:10,모란,8061,08:45:10,모란,8063,08:50:00,모란,8065,08:55:00,모란,8067,09:01:00,모란,8069,09:07:00,모란,8071,09:13:00,모란,8073,09:19:00,모란,8075,09:26:00,모란,8077,09:33:00,모란,8079,09:40:00,모란,8081,09:47:00,모란,8083,09:55:00,모란,8085,10:03:00,모란,8087,10:11:00,모란,8089,10:19:00,모란,8091,10:27:00,모란,8093,10:35:00,모란,8095,10:43:00,모란,8097,10:51:00,모란,8099,10:59:00,모란,8101,11:07:00,모란,8103,11:15:00,모란,8105,11:23:00,모란,8107,11:31:00,모란,8109,11:39:00,모란,8111,11:47:00,모란,8113,11:55:00,모란,8115,12:03:00,모란,8117,12:11:00,모란,8119,12:19:00,모란,8121,12:27:00,모란,8123,12:35:00,모란,8125,12:43:00,모란,8127,12:51:00,모란,8129,12:59:00,모란,8131,13:07:00,모란,8133,13:15:00,모란,8135,13:23:00,모란,8137,13:31:00,모란,8139,13:39:00,모란,8141,13:47:00,모란,8143,13:55:00,모란,8145,14:03:00,모란,8147,14:11:00,모란,8149,14:19:00,모란,8151,14:27:00,모란,8153,14:35:00,모란,8155,14:43:00,모란,8157,14:51:00,모란,8159,14:59:00,모란,8161,15:07:00,모란,8163,15:15:00,모란,8165,15:23:00,모란,8167,15:31:00,모란,8169,15:39:00,모란,8171,15:47:00,모란,8173,15:55:00,모란,8175,16:03:00,모란,8177,16:11:00,모란,8179,16:19:00,모란,8181,16:27:00,모란,8183,16:35:00,모란,8185,16:43:00,모란,8187,16:51:00,모란,8189,16:59:00,모란,8191,17:07:00,모란,8193,17:15:00,모란,8195,17:23:00,모란,8197,17:31:00,모란,8199,17:39:00,모란,8201,17:47:00,모란,8203,17:55:00,모란,8205,18:02:00,모란,8207,18:08:00,모란,8209,18:14:00,모란,8211,18:20:00,모란,8213,18:26:00,모란,8215,18:32:00,모란,8217,18:38:00,모란,8219,18:44:00,모란,8221,18:50:00,모란,8223,18:56:00,모란,8225,19:02:00,모란,8227,19:08:00,모란,8229,19:14:00,모란,8231,19:20:00,모란,8233,19:26:00,모란,8235,19:32:30,모란,8237,19:39:00,모란,8239,19:45:30,모란,8241,19:52:00,모란,8243,19:59:00,모란,8245,20:06:00,모란,8247,20:13:00,모란,8249,20:20:00,모란,8251,20:27:00,모란,8253,20:34:00,모란,8255,20:41:00,모란,8257,20:48:00,모란,8259,20:56:00,모란,8261,21:04:00,모란,8263,21:12:00,모란,8265,21:20:00,모란,8267,21:28:00,모란,8269,21:36:00,모란,8271,21:44:00,모란,8273,21:52:00,모란,8275,22:01:00,모란,8277,22:10:00,모란,8279,22:19:00,모란,8281,22:28:00,모란,8283,22:37:00,모란,8285,22:46:00,모란,8287,22:56:00,모란,8289,23:06:00,모란,8291,23:16:00,모란,8293,23:28:10,모란,8295,23:41:10,모란,8297,23:56:10,가락시장, , , ,
8,잠실,2815,814,8003,05:37:50,모란,8005,05:47:40,모란,8007,05:57:40,모란,8009,06:07:40,모란,8011,06:17:40,모란,8013,06:27:40,모란,8015,06:36:40,모란,8017,06:45:40,모란,8019,06:54:40,모란,8021,07:02:40,모란,8023,07:09:40,모란,8025,07:15:50,모란,8027,07:21:50,모란,8029,07:27:50,모란,8031,07:33:50,모란,8033,07:39:50,모란,8035,07:45:50,모란,8037,07:51:50,모란,8039,07:56:50,모란,8041,08:01:20,모란,8043,08:05:50,모란,8045,08:10:20,모란,8047,08:14:50,모란,8049,08:19:20,모란,8051,08:23:50,모란,8053,08:28:20,모란,8055,08:32:50,모란,8057,08:37:20,모란,8059,08:41:50,모란,8061,08:46:50,모란,8063,08:51:40,모란,8065,08:56:40,모란,8067,09:02:40,모란,8069,09:08:40,모란,8071,09:14:40,모란,8073,09:20:40,모란,8075,09:27:40,모란,8077,09:34:40,모란,8079,09:41:40,모란,8081,09:48:40,모란,8083,09:56:40,모란,8085,10:04:40,모란,8087,10:12:40,모란,8089,10:20:40,모란,8091,10:28:40,모란,8093,10:36:40,모란,8095,10:44:40,모란,8097,10:52:40,모란,8099,11:00:40,모란,8101,11:08:40,모란,8103,11:16:40,모란,8105,11:24:40,모란,8107,11:32:40,모란,8109,11:40:40,모란,8111,11:48:40,모란,8113,11:56:40,모란,8115,12:04:40,모란,8117,12:12:40,모란,8119,12:20:40,모란,8121,12:28:40,모란,8123,12:36:40,모란,8125,12:44:40,모란,8127,12:52:40,모란,8129,13:00:40,모란,8131,13:08:40,모란,8133,13:16:40,모란,8135,13:24:40,모란,8137,13:32:40,모란,8139,13:40:40,모란,8141,13:48:40,모란,8143,13:56:40,모란,8145,14:04:40,모란,8147,14:12:40,모란,8149,14:20:40,모란,8151,14:28:40,모란,8153,14:36:40,모란,8155,14:44:40,모란,8157,14:52:40,모란,8159,15:00:40,모란,8161,15:08:40,모란,8163,15:16:40,모란,8165,15:24:40,모란,8167,15:32:40,모란,8169,15:40:40,모란,8171,15:48:40,모란,8173,15:56:40,모란,8175,16:04:40,모란,8177,16:12:40,모란,8179,16:20:40,모란,8181,16:28:40,모란,8183,16:36:40,모란,8185,16:44:40,모란,8187,16:52:40,모란,8189,17:00:40,모란,8191,17:08:40,모란,8193,17:16:40,모란,8195,17:24:40,모란,8197,17:32:40,모란,8199,17:40:40,모란,8201,17:48:40,모란,8203,17:56:40,모란,8205,18:03:40,모란,8207,18:09:40,모란,8209,18:15:40,모란,8211,18:21:40,모란,8213,18:27:40,모란,8215,18:33:40,모란,8217,18:39:40,모란,8219,18:45:40,모란,8221,18:51:40,모란,8223,18:57:40,모란,8225,19:03:40,모란,8227,19:09:40,모란,8229,19:15:40,모란,8231,19:21:40,모란,8233,19:27:40,모란,8235,19:34:10,모란,8237,19:40:40,모란,8239,19:47:10,모란,8241,19:53:40,모란,8243,20:00:40,모란,8245,20:07:40,모란,8247,20:14:40,모란,8249,20:21:40,모란,8251,20:28:40,모란,8253,20:35:40,모란,8255,20:42:40,모란,8257,20:49:40,모란,8259,20:57:40,모란,8261,21:05:40,모란,8263,21:13:40,모란,8265,21:21:40,모란,8267,21:29:40,모란,8269,21:37:40,모란,8271,21:45:40,모란,8273,21:53:40,모란,8275,22:02:40,모란,8277,22:11:40,모란,8279,22:20:40,모란,8281,22:29:40,모란,8283,22:38:40,모란,8285,22:47:40,모란,8287,22:57:40,모란,8289,23:07:40,모란,8291,23:17:40,모란,8293,23:29:50,모란,8295,23:42:50,모란,8297,23:57:50,가락시장, , , ,
8,석촌,2816,815,8003,05:40:20,모란,8005,05:50:20,모란,8007,06:00:20,모란,8009,06:10:20,모란,8011,06:20:20,모란,8013,06:30:20,모란,8015,06:39:20,모란,8017,06:48:20,모란,8019,06:57:20,모란,8021,07:05:20,모란,8023,07:12:20,모란,8025,07:18:30,모란,8027,07:24:30,모란,8029,07:30:30,모란,8031,07:36:30,모란,8033,07:42:30,모란,8035,07:48:30,모란,8037,07:54:30,모란,8039,07:59:30,모란,8041,08:04:00,모란,8043,08:08:30,모란,8045,08:13:00,모란,8047,08:17:30,모란,8049,08:22:00,모란,8051,08:26:30,모란,8053,08:31:00,모란,8055,08:35:30,모란,8057,08:40:00,모란,8059,08:44:30,모란,8061,08:49:30,모란,8063,08:54:20,모란,8065,08:59:20,모란,8067,09:05:20,모란,8069,09:11:20,모란,8071,09:17:20,모란,8073,09:23:20,모란,8075,09:30:20,모란,8077,09:37:20,모란,8079,09:44:20,모란,8081,09:51:20,모란,8083,09:59:20,모란,8085,10:07:20,모란,8087,10:15:20,모란,8089,10:23:20,모란,8091,10:31:20,모란,8093,10:39:20,모란,8095,10:47:20,모란,8097,10:55:20,모란,8099,11:03:20,모란,8101,11:11:20,모란,8103,11:19:20,모란,8105,11:27:20,모란,8107,11:35:20,모란,8109,11:43:20,모란,8111,11:51:20,모란,8113,11:59:20,모란,8115,12:07:20,모란,8117,12:15:20,모란,8119,12:23:20,모란,8121,12:31:20,모란,8123,12:39:20,모란,8125,12:47:20,모란,8127,12:55:20,모란,8129,13:03:20,모란,8131,13:11:20,모란,8133,13:19:20,모란,8135,13:27:20,모란,8137,13:35:20,모란,8139,13:43:20,모란,8141,13:51:20,모란,8143,13:59:20,모란,8145,14:07:20,모란,8147,14:15:20,모란,8149,14:23:20,모란,8151,14:31:20,모란,8153,14:39:20,모란,8155,14:47:20,모란,8157,14:55:20,모란,8159,15:03:20,모란,8161,15:11:20,모란,8163,15:19:20,모란,8165,15:27:20,모란,8167,15:35:20,모란,8169,15:43:20,모란,8171,15:51:20,모란,8173,15:59:20,모란,8175,16:07:20,모란,8177,16:15:20,모란,8179,16:23:20,모란,8181,16:31:20,모란,8183,16:39:20,모란,8185,16:47:20,모란,8187,16:55:20,모란,8189,17:03:20,모란,8191,17:11:20,모란,8193,17:19:20,모란,8195,17:27:20,모란,8197,17:35:20,모란,8199,17:43:20,모란,8201,17:51:20,모란,8203,17:59:20,모란,8205,18:06:20,모란,8207,18:12:20,모란,8209,18:18:20,모란,8211,18:24:20,모란,8213,18:30:20,모란,8215,18:36:20,모란,8217,18:42:20,모란,8219,18:48:20,모란,8221,18:54:20,모란,8223,19:00:20,모란,8225,19:06:20,모란,8227,19:12:20,모란,8229,19:18:20,모란,8231,19:24:20,모란,8233,19:30:20,모란,8235,19:36:50,모란,8237,19:43:20,모란,8239,19:49:50,모란,8241,19:56:20,모란,8243,20:03:20,모란,8245,20:10:20,모란,8247,20:17:20,모란,8249,20:24:20,모란,8251,20:31:20,모란,8253,20:38:20,모란,8255,20:45:20,모란,8257,20:52:20,모란,8259,21:00:20,모란,8261,21:08:20,모란,8263,21:16:20,모란,8265,21:24:20,모란,8267,21:32:20,모란,8269,21:40:20,모란,8271,21:48:20,모란,8273,21:56:20,모란,8275,22:05:20,모란,8277,22:14:20,모란,8279,22:23:20,모란,8281,22:32:20,모란,8283,22:41:20,모란,8285,22:50:20,모란,8287,23:00:20,모란,8289,23:10:20,모란,8291,23:20:20,모란,8293,23:32:20,모란,8295,23:45:20,모란,8297,24:00:20,가락시장, , , ,
8,송파,2817,816,8003,05:42:10,모란,8005,05:52:00,모란,8007,06:02:00,모란,8009,06:12:00,모란,8011,06:22:00,모란,8013,06:32:00,모란,8015,06:41:00,모란,8017,06:50:00,모란,8019,06:59:00,모란,8021,07:07:00,모란,8023,07:14:00,모란,8025,07:20:10,모란,8027,07:26:10,모란,8029,07:32:10,모란,8031,07:38:10,모란,8033,07:44:10,모란,8035,07:50:10,모란,8037,07:56:10,모란,8039,08:01:10,모란,8041,08:05:40,모란,8043,08:10:10,모란,8045,08:14:40,모란,8047,08:19:10,모란,8049,08:23:40,모란,8051,08:28:10,모란,8053,08:32:40,모란,8055,08:37:10,모란,8057,08:41:40,모란,8059,08:46:10,모란,8061,08:51:10,모란,8063,08:56:00,모란,8065,09:01:00,모란,8067,09:07:00,모란,8069,09:13:00,모란,8071,09:19:00,모란,8073,09:25:00,모란,8075,09:32:00,모란,8077,09:39:00,모란,8079,09:46:00,모란,8081,09:53:00,모란,8083,10:01:00,모란,8085,10:09:00,모란,8087,10:17:00,모란,8089,10:25:00,모란,8091,10:33:00,모란,8093,10:41:00,모란,8095,10:49:00,모란,8097,10:57:00,모란,8099,11:05:00,모란,8101,11:13:00,모란,8103,11:21:00,모란,8105,11:29:00,모란,8107,11:37:00,모란,8109,11:45:00,모란,8111,11:53:00,모란,8113,12:01:00,모란,8115,12:09:00,모란,8117,12:17:00,모란,8119,12:25:00,모란,8121,12:33:00,모란,8123,12:41:00,모란,8125,12:49:00,모란,8127,12:57:00,모란,8129,13:05:00,모란,8131,13:13:00,모란,8133,13:21:00,모란,8135,13:29:00,모란,8137,13:37:00,모란,8139,13:45:00,모란,8141,13:53:00,모란,8143,14:01:00,모란,8145,14:09:00,모란,8147,14:17:00,모란,8149,14:25:00,모란,8151,14:33:00,모란,8153,14:41:00,모란,8155,14:49:00,모란,8157,14:57:00,모란,8159,15:05:00,모란,8161,15:13:00,모란,8163,15:21:00,모란,8165,15:29:00,모란,8167,15:37:00,모란,8169,15:45:00,모란,8171,15:53:00,모란,8173,16:01:00,모란,8175,16:09:00,모란,8177,16:17:00,모란,8179,16:25:00,모란,8181,16:33:00,모란,8183,16:41:00,모란,8185,16:49:00,모란,8187,16:57:00,모란,8189,17:05:00,모란,8191,17:13:00,모란,8193,17:21:00,모란,8195,17:29:00,모란,8197,17:37:00,모란,8199,17:45:00,모란,8201,17:53:00,모란,8203,18:01:00,모란,8205,18:08:00,모란,8207,18:14:00,모란,8209,18:20:00,모란,8211,18:26:00,모란,8213,18:32:00,모란,8215,18:38:00,모란,8217,18:44:00,모란,8219,18:50:00,모란,8221,18:56:00,모란,8223,19:02:00,모란,8225,19:08:00,모란,8227,19:14:00,모란,8229,19:20:00,모란,8231,19:26:00,모란,8233,19:32:00,모란,8235,19:38:30,모란,8237,19:45:00,모란,8239,19:51:30,모란,8241,19:58:00,모란,8243,20:05:00,모란,8245,20:12:00,모란,8247,20:19:00,모란,8249,20:26:00,모란,8251,20:33:00,모란,8253,20:40:00,모란,8255,20:47:00,모란,8257,20:54:00,모란,8259,21:02:00,모란,8261,21:10:00,모란,8263,21:18:00,모란,8265,21:26:00,모란,8267,21:34:00,모란,8269,21:42:00,모란,8271,21:50:00,모란,8273,21:58:00,모란,8275,22:07:00,모란,8277,22:16:00,모란,8279,22:25:00,모란,8281,22:34:00,모란,8283,22:43:00,모란,8285,22:52:00,모란,8287,23:02:00,모란,8289,23:12:00,모란,8291,23:22:00,모란,8293,23:34:00,모란,8295,23:47:00,모란,8297,24:02:10,가락시장, , , ,
8,가락시장,2818,817,8297,24:03:50,가락시장,8001,05:28:00,모란,8003,05:43:50,모란,8005,05:53:40,모란,8007,06:03:40,모란,8009,06:13:40,모란,8011,06:23:40,모란,8013,06:33:40,모란,8015,06:42:40,모란,8017,06:51:40,모란,8019,07:00:40,모란,8021,07:08:40,모란,8023,07:15:40,모란,8025,07:21:50,모란,8027,07:27:50,모란,8029,07:33:50,모란,8031,07:39:50,모란,8033,07:45:50,모란,8035,07:51:50,모란,8037,07:57:50,모란,8039,08:02:50,모란,8041,08:07:20,모란,8043,08:11:50,모란,8045,08:16:20,모란,8047,08:20:50,모란,8049,08:25:20,모란,8051,08:29:50,모란,8053,08:34:20,모란,8055,08:38:50,모란,8057,08:43:20,모란,8059,08:47:50,모란,8061,08:52:50,모란,8063,08:57:40,모란,8065,09:02:40,모란,8067,09:08:40,모란,8069,09:14:40,모란,8071,09:20:40,모란,8073,09:26:40,모란,8075,09:33:40,모란,8077,09:40:40,모란,8079,09:47:40,모란,8081,09:54:40,모란,8083,10:02:40,모란,8085,10:10:40,모란,8087,10:18:40,모란,8089,10:26:40,모란,8091,10:34:40,모란,8093,10:42:40,모란,8095,10:50:40,모란,8097,10:58:40,모란,8099,11:06:40,모란,8101,11:14:40,모란,8103,11:22:40,모란,8105,11:30:40,모란,8107,11:38:40,모란,8109,11:46:40,모란,8111,11:54:40,모란,8113,12:02:40,모란,8115,12:10:40,모란,8117,12:18:40,모란,8119,12:26:40,모란,8121,12:34:40,모란,8123,12:42:40,모란,8125,12:50:40,모란,8127,12:58:40,모란,8129,13:06:40,모란,8131,13:14:40,모란,8133,13:22:40,모란,8135,13:30:40,모란,8137,13:38:40,모란,8139,13:46:40,모란,8141,13:54:40,모란,8143,14:02:40,모란,8145,14:10:40,모란,8147,14:18:40,모란,8149,14:26:40,모란,8151,14:34:40,모란,8153,14:42:40,모란,8155,14:50:40,모란,8157,14:58:40,모란,8159,15:06:40,모란,8161,15:14:40,모란,8163,15:22:40,모란,8165,15:30:40,모란,8167,15:38:40,모란,8169,15:46:40,모란,8171,15:54:40,모란,8173,16:02:40,모란,8175,16:10:40,모란,8177,16:18:40,모란,8179,16:26:40,모란,8181,16:34:40,모란,8183,16:42:40,모란,8185,16:50:40,모란,8187,16:58:40,모란,8189,17:06:40,모란,8191,17:14:40,모란,8193,17:22:40,모란,8195,17:30:40,모란,8197,17:38:40,모란,8199,17:46:40,모란,8201,17:54:40,모란,8203,18:02:40,모란,8205,18:09:40,모란,8207,18:15:40,모란,8209,18:21:40,모란,8211,18:27:40,모란,8213,18:33:40,모란,8215,18:39:40,모란,8217,18:45:40,모란,8219,18:51:40,모란,8221,18:57:40,모란,8223,19:03:40,모란,8225,19:09:40,모란,8227,19:15:40,모란,8229,19:21:40,모란,8231,19:27:40,모란,8233,19:33:40,모란,8235,19:40:10,모란,8237,19:46:40,모란,8239,19:53:10,모란,8241,19:59:40,모란,8243,20:06:40,모란,8245,20:13:40,모란,8247,20:20:40,모란,8249,20:27:40,모란,8251,20:34:40,모란,8253,20:41:40,모란,8255,20:48:40,모란,8257,20:55:40,모란,8259,21:03:40,모란,8261,21:11:40,모란,8263,21:19:40,모란,8265,21:27:40,모란,8267,21:35:40,모란,8269,21:43:40,모란,8271,21:51:40,모란,8273,21:59:40,모란,8275,22:08:40,모란,8277,22:17:40,모란,8279,22:26:40,모란,8281,22:35:40,모란,8283,22:44:40,모란,8285,22:53:40,모란,8287,23:03:40,모란,8289,23:13:40,모란,8291,23:23:40,모란,8293,23:35:40,모란,8295,23:48:40,모란,
8,문정,2819,818,8001,05:29:10,모란,8003,05:45:40,모란,8005,05:55:30,모란,8007,06:05:30,모란,8009,06:15:30,모란,8011,06:25:30,모란,8013,06:35:30,모란,8015,06:44:30,모란,8017,06:53:30,모란,8019,07:02:30,모란,8021,07:10:30,모란,8023,07:17:30,모란,8025,07:23:40,모란,8027,07:29:40,모란,8029,07:35:40,모란,8031,07:41:40,모란,8033,07:47:40,모란,8035,07:53:40,모란,8037,07:59:40,모란,8039,08:04:40,모란,8041,08:09:10,모란,8043,08:13:40,모란,8045,08:18:10,모란,8047,08:22:40,모란,8049,08:27:10,모란,8051,08:31:40,모란,8053,08:36:10,모란,8055,08:40:40,모란,8057,08:45:10,모란,8059,08:49:40,모란,8061,08:54:40,모란,8063,08:59:30,모란,8065,09:04:30,모란,8067,09:10:30,모란,8069,09:16:30,모란,8071,09:22:30,모란,8073,09:28:30,모란,8075,09:35:30,모란,8077,09:42:30,모란,8079,09:49:30,모란,8081,09:56:30,모란,8083,10:04:30,모란,8085,10:12:30,모란,8087,10:20:30,모란,8089,10:28:30,모란,8091,10:36:30,모란,8093,10:44:30,모란,8095,10:52:30,모란,8097,11:00:30,모란,8099,11:08:30,모란,8101,11:16:30,모란,8103,11:24:30,모란,8105,11:32:30,모란,8107,11:40:30,모란,8109,11:48:30,모란,8111,11:56:30,모란,8113,12:04:30,모란,8115,12:12:30,모란,8117,12:20:30,모란,8119,12:28:30,모란,8121,12:36:30,모란,8123,12:44:30,모란,8125,12:52:30,모란,8127,13:00:30,모란,8129,13:08:30,모란,8131,13:16:30,모란,8133,13:24:30,모란,8135,13:32:30,모란,8137,13:40:30,모란,8139,13:48:30,모란,8141,13:56:30,모란,8143,14:04:30,모란,8145,14:12:30,모란,8147,14:20:30,모란,8149,14:28:30,모란,8151,14:36:30,모란,8153,14:44:30,모란,8155,14:52:30,모란,8157,15:00:30,모란,8159,15:08:30,모란,8161,15:16:30,모란,8163,15:24:30,모란,8165,15:32:30,모란,8167,15:40:30,모란,8169,15:48:30,모란,8171,15:56:30,모란,8173,16:04:30,모란,8175,16:12:30,모란,8177,16:20:30,모란,8179,16:28:30,모란,8181,16:36:30,모란,8183,16:44:30,모란,8185,16:52:30,모란,8187,17:00:30,모란,8189,17:08:30,모란,8191,17:16:30,모란,8193,17:24:30,모란,8195,17:32:30,모란,8197,17:40:30,모란,8199,17:48:30,모란,8201,17:56:30,모란,8203,18:04:30,모란,8205,18:11:30,모란,8207,18:17:30,모란,8209,18:23:30,모란,8211,18:29:30,모란,8213,18:35:30,모란,8215,18:41:30,모란,8217,18:47:30,모란,8219,18:53:30,모란,8221,18:59:30,모란,8223,19:05:30,모란,8225,19:11:30,모란,8227,19:17:30,모란,8229,19:23:30,모란,8231,19:29:30,모란,8233,19:35:30,모란,8235,19:42:00,모란,8237,19:48:30,모란,8239,19:55:00,모란,8241,20:01:30,모란,8243,20:08:30,모란,8245,20:15:30,모란,8247,20:22:30,모란,8249,20:29:30,모란,8251,20:36:30,모란,8253,20:43:30,모란,8255,20:50:30,모란,8257,20:57:30,모란,8259,21:05:30,모란,8261,21:13:30,모란,8263,21:21:30,모란,8265,21:29:30,모란,8267,21:37:30,모란,8269,21:45:30,모란,8271,21:53:30,모란,8273,22:01:30,모란,8275,22:10:30,모란,8277,22:19:30,모란,8279,22:28:30,모란,8281,22:37:30,모란,8283,22:46:30,모란,8285,22:55:30,모란,8287,23:05:30,모란,8289,23:15:30,모란,8291,23:25:30,모란,8293,23:37:30,모란,8295,23:50:30,모란, , , ,
8,장지,2820,819,8001,05:30:40,모란,8003,05:47:10,모란,8005,05:57:00,모란,8007,06:07:00,모란,8009,06:17:00,모란,8011,06:27:00,모란,8013,06:37:00,모란,8015,06:46:00,모란,8017,06:55:00,모란,8019,07:04:00,모란,8021,07:12:00,모란,8023,07:19:00,모란,8025,07:25:10,모란,8027,07:31:10,모란,8029,07:37:10,모란,8031,07:43:10,모란,8033,07:49:10,모란,8035,07:55:10,모란,8037,08:01:10,모란,8039,08:06:10,모란,8041,08:10:40,모란,8043,08:15:10,모란,8045,08:19:40,모란,8047,08:24:10,모란,8049,08:28:40,모란,8051,08:33:10,모란,8053,08:37:40,모란,8055,08:42:10,모란,8057,08:46:40,모란,8059,08:51:10,모란,8061,08:56:10,모란,8063,09:01:00,모란,8065,09:06:00,모란,8067,09:12:00,모란,8069,09:18:00,모란,8071,09:24:00,모란,8073,09:30:00,모란,8075,09:37:00,모란,8077,09:44:00,모란,8079,09:51:00,모란,8081,09:58:00,모란,8083,10:06:00,모란,8085,10:14:00,모란,8087,10:22:00,모란,8089,10:30:00,모란,8091,10:38:00,모란,8093,10:46:00,모란,8095,10:54:00,모란,8097,11:02:00,모란,8099,11:10:00,모란,8101,11:18:00,모란,8103,11:26:00,모란,8105,11:34:00,모란,8107,11:42:00,모란,8109,11:50:00,모란,8111,11:58:00,모란,8113,12:06:00,모란,8115,12:14:00,모란,8117,12:22:00,모란,8119,12:30:00,모란,8121,12:38:00,모란,8123,12:46:00,모란,8125,12:54:00,모란,8127,13:02:00,모란,8129,13:10:00,모란,8131,13:18:00,모란,8133,13:26:00,모란,8135,13:34:00,모란,8137,13:42:00,모란,8139,13:50:00,모란,8141,13:58:00,모란,8143,14:06:00,모란,8145,14:14:00,모란,8147,14:22:00,모란,8149,14:30:00,모란,8151,14:38:00,모란,8153,14:46:00,모란,8155,14:54:00,모란,8157,15:02:00,모란,8159,15:10:00,모란,8161,15:18:00,모란,8163,15:26:00,모란,8165,15:34:00,모란,8167,15:42:00,모란,8169,15:50:00,모란,8171,15:58:00,모란,8173,16:06:00,모란,8175,16:14:00,모란,8177,16:22:00,모란,8179,16:30:00,모란,8181,16:38:00,모란,8183,16:46:00,모란,8185,16:54:00,모란,8187,17:02:00,모란,8189,17:10:00,모란,8191,17:18:00,모란,8193,17:26:00,모란,8195,17:34:00,모란,8197,17:42:00,모란,8199,17:50:00,모란,8201,17:58:00,모란,8203,18:06:00,모란,8205,18:13:00,모란,8207,18:19:00,모란,8209,18:25:00,모란,8211,18:31:00,모란,8213,18:37:00,모란,8215,18:43:00,모란,8217,18:49:00,모란,8219,18:55:00,모란,8221,19:01:00,모란,8223,19:07:00,모란,8225,19:13:00,모란,8227,19:19:00,모란,8229,19:25:00,모란,8231,19:31:00,모란,8233,19:37:00,모란,8235,19:43:30,모란,8237,19:50:00,모란,8239,19:56:30,모란,8241,20:03:00,모란,8243,20:10:00,모란,8245,20:17:00,모란,8247,20:24:00,모란,8249,20:31:00,모란,8251,20:38:00,모란,8253,20:45:00,모란,8255,20:52:00,모란,8257,20:59:00,모란,8259,21:07:00,모란,8261,21:15:00,모란,8263,21:23:00,모란,8265,21:31:00,모란,8267,21:39:00,모란,8269,21:47:00,모란,8271,21:55:00,모란,8273,22:03:00,모란,8275,22:12:00,모란,8277,22:21:00,모란,8279,22:30:00,모란,8281,22:39:00,모란,8283,22:48:00,모란,8285,22:57:00,모란,8287,23:07:00,모란,8289,23:17:00,모란,8291,23:27:00,모란,8293,23:39:00,모란,8295,23:52:00,모란, , , ,
8,복정,2821,820,8001,05:32:10,모란,8003,05:48:40,모란,8005,05:58:30,모란,8007,06:08:30,모란,8009,06:18:30,모란,8011,06:28:30,모란,8013,06:38:30,모란,8015,06:47:30,모란,8017,06:56:30,모란,8019,07:05:30,모란,8021,07:13:30,모란,8023,07:20:30,모란,8025,07:26:50,모란,8027,07:32:50,모란,8029,07:38:50,모란,8031,07:44:50,모란,8033,07:50:50,모란,8035,07:56:50,모란,8037,08:02:50,모란,8039,08:07:50,모란,8041,08:12:20,모란,8043,08:16:50,모란,8045,08:21:20,모란,8047,08:25:50,모란,8049,08:30:20,모란,8051,08:34:50,모란,8053,08:39:20,모란,8055,08:43:50,모란,8057,08:48:20,모란,8059,08:52:50,모란,8061,08:57:50,모란,8063,09:02:30,모란,8065,09:07:30,모란,8067,09:13:30,모란,8069,09:19:30,모란,8071,09:25:30,모란,8073,09:31:30,모란,8075,09:38:30,모란,8077,09:45:30,모란,8079,09:52:30,모란,8081,09:59:30,모란,8083,10:07:30,모란,8085,10:15:30,모란,8087,10:23:30,모란,8089,10:31:30,모란,8091,10:39:30,모란,8093,10:47:30,모란,8095,10:55:30,모란,8097,11:03:30,모란,8099,11:11:30,모란,8101,11:19:30,모란,8103,11:27:30,모란,8105,11:35:30,모란,8107,11:43:30,모란,8109,11:51:30,모란,8111,11:59:30,모란,8113,12:07:30,모란,8115,12:15:30,모란,8117,12:23:30,모란,8119,12:31:30,모란,8121,12:39:30,모란,8123,12:47:30,모란,8125,12:55:30,모란,8127,13:03:30,모란,8129,13:11:30,모란,8131,13:19:30,모란,8133,13:27:30,모란,8135,13:35:30,모란,8137,13:43:30,모란,8139,13:51:30,모란,8141,13:59:30,모란,8143,14:07:30,모란,8145,14:15:30,모란,8147,14:23:30,모란,8149,14:31:30,모란,8151,14:39:30,모란,8153,14:47:30,모란,8155,14:55:30,모란,8157,15:03:30,모란,8159,15:11:30,모란,8161,15:19:30,모란,8163,15:27:30,모란,8165,15:35:30,모란,8167,15:43:30,모란,8169,15:51:30,모란,8171,15:59:30,모란,8173,16:07:30,모란,8175,16:15:30,모란,8177,16:23:30,모란,8179,16:31:30,모란,8181,16:39:30,모란,8183,16:47:30,모란,8185,16:55:30,모란,8187,17:03:30,모란,8189,17:11:30,모란,8191,17:19:30,모란,8193,17:27:30,모란,8195,17:35:30,모란,8197,17:43:30,모란,8199,17:51:30,모란,8201,17:59:30,모란,8203,18:07:30,모란,8205,18:14:30,모란,8207,18:20:30,모란,8209,18:26:30,모란,8211,18:32:30,모란,8213,18:38:30,모란,8215,18:44:30,모란,8217,18:50:30,모란,8219,18:56:30,모란,8221,19:02:30,모란,8223,19:08:30,모란,8225,19:14:30,모란,8227,19:20:30,모란,8229,19:26:30,모란,8231,19:32:30,모란,8233,19:38:30,모란,8235,19:45:00,모란,8237,19:51:30,모란,8239,19:58:00,모란,8241,20:04:30,모란,8243,20:11:30,모란,8245,20:18:30,모란,8247,20:25:30,모란,8249,20:32:30,모란,8251,20:39:30,모란,8253,20:46:30,모란,8255,20:53:30,모란,8257,21:00:30,모란,8259,21:08:30,모란,8261,21:16:30,모란,8263,21:24:30,모란,8265,21:32:30,모란,8267,21:40:30,모란,8269,21:48:30,모란,8271,21:56:30,모란,8273,22:04:30,모란,8275,22:13:30,모란,8277,22:22:30,모란,8279,22:31:30,모란,8281,22:40:30,모란,8283,22:49:30,모란,8285,22:58:30,모란,8287,23:08:30,모란,8289,23:18:30,모란,8291,23:28:30,모란,8293,23:40:30,모란,8295,23:53:30,모란, , , ,
8,산성,2822,821,8001,05:35:50,모란,8003,05:52:20,모란,8005,06:02:10,모란,8007,06:12:10,모란,8009,06:22:10,모란,8011,06:32:10,모란,8013,06:42:10,모란,8015,06:51:10,모란,8017,07:00:10,모란,8019,07:09:10,모란,8021,07:17:10,모란,8023,07:24:10,모란,8025,07:30:30,모란,8027,07:36:30,모란,8029,07:42:30,모란,8031,07:48:30,모란,8033,07:54:30,모란,8035,08:00:30,모란,8037,08:06:30,모란,8039,08:11:30,모란,8041,08:16:00,모란,8043,08:20:30,모란,8045,08:25:00,모란,8047,08:29:30,모란,8049,08:34:00,모란,8051,08:38:30,모란,8053,08:43:00,모란,8055,08:47:30,모란,8057,08:52:00,모란,8059,08:56:30,모란,8061,09:01:30,모란,8063,09:06:10,모란,8065,09:11:10,모란,8067,09:17:10,모란,8069,09:23:10,모란,8071,09:29:10,모란,8073,09:35:10,모란,8075,09:42:10,모란,8077,09:49:10,모란,8079,09:56:10,모란,8081,10:03:10,모란,8083,10:11:10,모란,8085,10:19:10,모란,8087,10:27:10,모란,8089,10:35:10,모란,8091,10:43:10,모란,8093,10:51:10,모란,8095,10:59:10,모란,8097,11:07:10,모란,8099,11:15:10,모란,8101,11:23:10,모란,8103,11:31:10,모란,8105,11:39:10,모란,8107,11:47:10,모란,8109,11:55:10,모란,8111,12:03:10,모란,8113,12:11:10,모란,8115,12:19:10,모란,8117,12:27:10,모란,8119,12:35:10,모란,8121,12:43:10,모란,8123,12:51:10,모란,8125,12:59:10,모란,8127,13:07:10,모란,8129,13:15:10,모란,8131,13:23:10,모란,8133,13:31:10,모란,8135,13:39:10,모란,8137,13:47:10,모란,8139,13:55:10,모란,8141,14:03:10,모란,8143,14:11:10,모란,8145,14:19:10,모란,8147,14:27:10,모란,8149,14:35:10,모란,8151,14:43:10,모란,8153,14:51:10,모란,8155,14:59:10,모란,8157,15:07:10,모란,8159,15:15:10,모란,8161,15:23:10,모란,8163,15:31:10,모란,8165,15:39:10,모란,8167,15:47:10,모란,8169,15:55:10,모란,8171,16:03:10,모란,8173,16:11:10,모란,8175,16:19:10,모란,8177,16:27:10,모란,8179,16:35:10,모란,8181,16:43:10,모란,8183,16:51:10,모란,8185,16:59:10,모란,8187,17:07:10,모란,8189,17:15:10,모란,8191,17:23:10,모란,8193,17:31:10,모란,8195,17:39:10,모란,8197,17:47:10,모란,8199,17:55:10,모란,8201,18:03:10,모란,8203,18:11:10,모란,8205,18:18:10,모란,8207,18:24:10,모란,8209,18:30:10,모란,8211,18:36:10,모란,8213,18:42:10,모란,8215,18:48:10,모란,8217,18:54:10,모란,8219,19:00:10,모란,8221,19:06:10,모란,8223,19:12:10,모란,8225,19:18:10,모란,8227,19:24:10,모란,8229,19:30:10,모란,8231,19:36:10,모란,8233,19:42:10,모란,8235,19:48:40,모란,8237,19:55:10,모란,8239,20:01:40,모란,8241,20:08:10,모란,8243,20:15:10,모란,8245,20:22:10,모란,8247,20:29:10,모란,8249,20:36:10,모란,8251,20:43:10,모란,8253,20:50:10,모란,8255,20:57:10,모란,8257,21:04:10,모란,8259,21:12:10,모란,8261,21:20:10,모란,8263,21:28:10,모란,8265,21:36:10,모란,8267,21:44:10,모란,8269,21:52:10,모란,8271,22:00:10,모란,8273,22:08:10,모란,8275,22:17:10,모란,8277,22:26:10,모란,8279,22:35:10,모란,8281,22:44:10,모란,8283,22:53:10,모란,8285,23:02:10,모란,8287,23:12:10,모란,8289,23:22:10,모란,8291,23:32:10,모란,8293,23:44:10,모란,8295,23:57:00,모란, , , ,
8,남한산성입구,2823,822,8001,05:38:30,모란,8003,05:55:00,모란,8005,06:04:50,모란,8007,06:14:50,모란,8009,06:24:50,모란,8011,06:34:50,모란,8013,06:44:50,모란,8015,06:53:50,모란,8017,07:02:50,모란,8019,07:11:50,모란,8021,07:19:50,모란,8023,07:26:50,모란,8025,07:33:10,모란,8027,07:39:10,모란,8029,07:45:10,모란,8031,07:51:10,모란,8033,07:57:10,모란,8035,08:03:10,모란,8037,08:09:10,모란,8039,08:14:10,모란,8041,08:18:40,모란,8043,08:23:10,모란,8045,08:27:40,모란,8047,08:32:10,모란,8049,08:36:40,모란,8051,08:41:10,모란,8053,08:45:40,모란,8055,08:50:10,모란,8057,08:54:40,모란,8059,08:59:10,모란,8061,09:04:10,모란,8063,09:08:50,모란,8065,09:13:50,모란,8067,09:19:50,모란,8069,09:25:50,모란,8071,09:31:50,모란,8073,09:37:50,모란,8075,09:44:50,모란,8077,09:51:50,모란,8079,09:58:50,모란,8081,10:05:50,모란,8083,10:13:50,모란,8085,10:21:50,모란,8087,10:29:50,모란,8089,10:37:50,모란,8091,10:45:50,모란,8093,10:53:50,모란,8095,11:01:50,모란,8097,11:09:50,모란,8099,11:17:50,모란,8101,11:25:50,모란,8103,11:33:50,모란,8105,11:41:50,모란,8107,11:49:50,모란,8109,11:57:50,모란,8111,12:05:50,모란,8113,12:13:50,모란,8115,12:21:50,모란,8117,12:29:50,모란,8119,12:37:50,모란,8121,12:45:50,모란,8123,12:53:50,모란,8125,13:01:50,모란,8127,13:09:50,모란,8129,13:17:50,모란,8131,13:25:50,모란,8133,13:33:50,모란,8135,13:41:50,모란,8137,13:49:50,모란,8139,13:57:50,모란,8141,14:05:50,모란,8143,14:13:50,모란,8145,14:21:50,모란,8147,14:29:50,모란,8149,14:37:50,모란,8151,14:45:50,모란,8153,14:53:50,모란,8155,15:01:50,모란,8157,15:09:50,모란,8159,15:17:50,모란,8161,15:25:50,모란,8163,15:33:50,모란,8165,15:41:50,모란,8167,15:49:50,모란,8169,15:57:50,모란,8171,16:05:50,모란,8173,16:13:50,모란,8175,16:21:50,모란,8177,16:29:50,모란,8179,16:37:50,모란,8181,16:45:50,모란,8183,16:53:50,모란,8185,17:01:50,모란,8187,17:09:50,모란,8189,17:17:50,모란,8191,17:25:50,모란,8193,17:33:50,모란,8195,17:41:50,모란,8197,17:49:50,모란,8199,17:57:50,모란,8201,18:05:50,모란,8203,18:13:50,모란,8205,18:20:50,모란,8207,18:26:50,모란,8209,18:32:50,모란,8211,18:38:50,모란,8213,18:44:50,모란,8215,18:50:50,모란,8217,18:56:50,모란,8219,19:02:50,모란,8221,19:08:50,모란,8223,19:14:50,모란,8225,19:20:50,모란,8227,19:26:50,모란,8229,19:32:50,모란,8231,19:38:50,모란,8233,19:44:50,모란,8235,19:51:20,모란,8237,19:57:50,모란,8239,20:04:20,모란,8241,20:10:50,모란,8243,20:17:50,모란,8245,20:24:50,모란,8247,20:31:50,모란,8249,20:38:50,모란,8251,20:45:50,모란,8253,20:52:50,모란,8255,20:59:50,모란,8257,21:06:50,모란,8259,21:14:50,모란,8261,21:22:50,모란,8263,21:30:50,모란,8265,21:38:50,모란,8267,21:46:50,모란,8269,21:54:50,모란,8271,22:02:50,모란,8273,22:10:50,모란,8275,22:19:50,모란,8277,22:28:50,모란,8279,22:37:50,모란,8281,22:46:50,모란,8283,22:55:50,모란,8285,23:04:50,모란,8287,23:14:50,모란,8289,23:24:50,모란,8291,23:34:50,모란,8293,23:46:50,모란,8295,23:59:30,모란, , , ,
8,단대오거리,2824,823,8001,05:40:00,모란,8003,05:56:40,모란,8005,06:06:30,모란,8007,06:16:30,모란,8009,06:26:30,모란,8011,06:36:30,모란,8013,06:46:30,모란,8015,06:55:30,모란,8017,07:04:30,모란,8019,07:13:30,모란,8021,07:21:30,모란,8023,07:28:30,모란,8025,07:35:00,모란,8027,07:41:00,모란,8029,07:47:00,모란,8031,07:53:00,모란,8033,07:59:00,모란,8035,08:05:00,모란,8037,08:11:00,모란,8039,08:16:00,모란,8041,08:20:30,모란,8043,08:25:00,모란,8045,08:29:30,모란,8047,08:34:00,모란,8049,08:38:30,모란,8051,08:43:00,모란,8053,08:47:30,모란,8055,08:52:00,모란,8057,08:56:30,모란,8059,09:01:00,모란,8061,09:06:00,모란,8063,09:10:30,모란,8065,09:15:30,모란,8067,09:21:30,모란,8069,09:27:30,모란,8071,09:33:30,모란,8073,09:39:30,모란,8075,09:46:30,모란,8077,09:53:30,모란,8079,10:00:30,모란,8081,10:07:30,모란,8083,10:15:30,모란,8085,10:23:30,모란,8087,10:31:30,모란,8089,10:39:30,모란,8091,10:47:30,모란,8093,10:55:30,모란,8095,11:03:30,모란,8097,11:11:30,모란,8099,11:19:30,모란,8101,11:27:30,모란,8103,11:35:30,모란,8105,11:43:30,모란,8107,11:51:30,모란,8109,11:59:30,모란,8111,12:07:30,모란,8113,12:15:30,모란,8115,12:23:30,모란,8117,12:31:30,모란,8119,12:39:30,모란,8121,12:47:30,모란,8123,12:55:30,모란,8125,13:03:30,모란,8127,13:11:30,모란,8129,13:19:30,모란,8131,13:27:30,모란,8133,13:35:30,모란,8135,13:43:30,모란,8137,13:51:30,모란,8139,13:59:30,모란,8141,14:07:30,모란,8143,14:15:30,모란,8145,14:23:30,모란,8147,14:31:30,모란,8149,14:39:30,모란,8151,14:47:30,모란,8153,14:55:30,모란,8155,15:03:30,모란,8157,15:11:30,모란,8159,15:19:30,모란,8161,15:27:30,모란,8163,15:35:30,모란,8165,15:43:30,모란,8167,15:51:30,모란,8169,15:59:30,모란,8171,16:07:30,모란,8173,16:15:30,모란,8175,16:23:30,모란,8177,16:31:30,모란,8179,16:39:30,모란,8181,16:47:30,모란,8183,16:55:30,모란,8185,17:03:30,모란,8187,17:11:30,모란,8189,17:19:30,모란,8191,17:27:30,모란,8193,17:35:30,모란,8195,17:43:30,모란,8197,17:51:30,모란,8199,17:59:30,모란,8201,18:07:30,모란,8203,18:15:30,모란,8205,18:22:30,모란,8207,18:28:30,모란,8209,18:34:30,모란,8211,18:40:30,모란,8213,18:46:30,모란,8215,18:52:30,모란,8217,18:58:30,모란,8219,19:04:30,모란,8221,19:10:30,모란,8223,19:16:30,모란,8225,19:22:30,모란,8227,19:28:30,모란,8229,19:34:30,모란,8231,19:40:30,모란,8233,19:46:30,모란,8235,19:53:00,모란,8237,19:59:30,모란,8239,20:06:00,모란,8241,20:12:30,모란,8243,20:19:30,모란,8245,20:26:30,모란,8247,20:33:30,모란,8249,20:40:30,모란,8251,20:47:30,모란,8253,20:54:30,모란,8255,21:01:30,모란,8257,21:08:30,모란,8259,21:16:30,모란,8261,21:24:30,모란,8263,21:32:30,모란,8265,21:40:30,모란,8267,21:48:30,모란,8269,21:56:30,모란,8271,22:04:30,모란,8273,22:12:30,모란,8275,22:21:30,모란,8277,22:30:30,모란,8279,22:39:30,모란,8281,22:48:30,모란,8283,22:57:30,모란,8285,23:06:30,모란,8287,23:16:30,모란,8289,23:26:30,모란,8291,23:36:30,모란,8293,23:48:30,모란,8295,24:01:00,모란, , , ,
8,신흥,2825,824,8001,05:41:40,모란,8003,05:58:20,모란,8005,06:08:10,모란,8007,06:18:10,모란,8009,06:28:10,모란,8011,06:38:10,모란,8013,06:48:10,모란,8015,06:57:10,모란,8017,07:06:10,모란,8019,07:15:10,모란,8021,07:23:10,모란,8023,07:30:10,모란,8025,07:36:40,모란,8027,07:42:40,모란,8029,07:48:40,모란,8031,07:54:40,모란,8033,08:00:40,모란,8035,08:06:40,모란,8037,08:12:40,모란,8039,08:17:40,모란,8041,08:22:10,모란,8043,08:26:40,모란,8045,08:31:10,모란,8047,08:35:40,모란,8049,08:40:10,모란,8051,08:44:40,모란,8053,08:49:10,모란,8055,08:53:40,모란,8057,08:58:10,모란,8059,09:02:40,모란,8061,09:07:40,모란,8063,09:12:10,모란,8065,09:17:10,모란,8067,09:23:10,모란,8069,09:29:10,모란,8071,09:35:10,모란,8073,09:41:10,모란,8075,09:48:10,모란,8077,09:55:10,모란,8079,10:02:10,모란,8081,10:09:10,모란,8083,10:17:10,모란,8085,10:25:10,모란,8087,10:33:10,모란,8089,10:41:10,모란,8091,10:49:10,모란,8093,10:57:10,모란,8095,11:05:10,모란,8097,11:13:10,모란,8099,11:21:10,모란,8101,11:29:10,모란,8103,11:37:10,모란,8105,11:45:10,모란,8107,11:53:10,모란,8109,12:01:10,모란,8111,12:09:10,모란,8113,12:17:10,모란,8115,12:25:10,모란,8117,12:33:10,모란,8119,12:41:10,모란,8121,12:49:10,모란,8123,12:57:10,모란,8125,13:05:10,모란,8127,13:13:10,모란,8129,13:21:10,모란,8131,13:29:10,모란,8133,13:37:10,모란,8135,13:45:10,모란,8137,13:53:10,모란,8139,14:01:10,모란,8141,14:09:10,모란,8143,14:17:10,모란,8145,14:25:10,모란,8147,14:33:10,모란,8149,14:41:10,모란,8151,14:49:10,모란,8153,14:57:10,모란,8155,15:05:10,모란,8157,15:13:10,모란,8159,15:21:10,모란,8161,15:29:10,모란,8163,15:37:10,모란,8165,15:45:10,모란,8167,15:53:10,모란,8169,16:01:10,모란,8171,16:09:10,모란,8173,16:17:10,모란,8175,16:25:10,모란,8177,16:33:10,모란,8179,16:41:10,모란,8181,16:49:10,모란,8183,16:57:10,모란,8185,17:05:10,모란,8187,17:13:10,모란,8189,17:21:10,모란,8191,17:29:10,모란,8193,17:37:10,모란,8195,17:45:10,모란,8197,17:53:10,모란,8199,18:01:10,모란,8201,18:09:10,모란,8203,18:17:10,모란,8205,18:24:10,모란,8207,18:30:10,모란,8209,18:36:10,모란,8211,18:42:10,모란,8213,18:48:10,모란,8215,18:54:10,모란,8217,19:00:10,모란,8219,19:06:10,모란,8221,19:12:10,모란,8223,19:18:10,모란,8225,19:24:10,모란,8227,19:30:10,모란,8229,19:36:10,모란,8231,19:42:10,모란,8233,19:48:10,모란,8235,19:54:40,모란,8237,20:01:10,모란,8239,20:07:40,모란,8241,20:14:10,모란,8243,20:21:10,모란,8245,20:28:10,모란,8247,20:35:10,모란,8249,20:42:10,모란,8251,20:49:10,모란,8253,20:56:10,모란,8255,21:03:10,모란,8257,21:10:10,모란,8259,21:18:10,모란,8261,21:26:10,모란,8263,21:34:10,모란,8265,21:42:10,모란,8267,21:50:10,모란,8269,21:58:10,모란,8271,22:06:10,모란,8273,22:14:10,모란,8275,22:23:10,모란,8277,22:32:10,모란,8279,22:41:10,모란,8281,22:50:10,모란,8283,22:59:10,모란,8285,23:08:10,모란,8287,23:18:10,모란,8289,23:28:10,모란,8291,23:38:10,모란,8293,23:50:10,모란,8295,24:02:40,모란, , , ,
8,수진,2826,825,8001,05:43:10,모란,8003,05:59:50,모란,8005,06:09:40,모란,8007,06:19:40,모란,8009,06:29:40,모란,8011,06:39:40,모란,8013,06:49:40,모란,8015,06:58:40,모란,8017,07:07:40,모란,8019,07:16:40,모란,8021,07:24:40,모란,8023,07:31:40,모란,8025,07:38:10,모란,8027,07:44:10,모란,8029,07:50:10,모란,8031,07:56:10,모란,8033,08:02:10,모란,8035,08:08:10,모란,8037,08:14:10,모란,8039,08:19:10,모란,8041,08:23:40,모란,8043,08:28:10,모란,8045,08:32:40,모란,8047,08:37:10,모란,8049,08:41:40,모란,8051,08:46:10,모란,8053,08:50:40,모란,8055,08:55:10,모란,8057,08:59:40,모란,8059,09:04:10,모란,8061,09:09:10,모란,8063,09:13:40,모란,8065,09:18:40,모란,8067,09:24:40,모란,8069,09:30:40,모란,8071,09:36:40,모란,8073,09:42:40,모란,8075,09:49:40,모란,8077,09:56:40,모란,8079,10:03:40,모란,8081,10:10:40,모란,8083,10:18:40,모란,8085,10:26:40,모란,8087,10:34:40,모란,8089,10:42:40,모란,8091,10:50:40,모란,8093,10:58:40,모란,8095,11:06:40,모란,8097,11:14:40,모란,8099,11:22:40,모란,8101,11:30:40,모란,8103,11:38:40,모란,8105,11:46:40,모란,8107,11:54:40,모란,8109,12:02:40,모란,8111,12:10:40,모란,8113,12:18:40,모란,8115,12:26:40,모란,8117,12:34:40,모란,8119,12:42:40,모란,8121,12:50:40,모란,8123,12:58:40,모란,8125,13:06:40,모란,8127,13:14:40,모란,8129,13:22:40,모란,8131,13:30:40,모란,8133,13:38:40,모란,8135,13:46:40,모란,8137,13:54:40,모란,8139,14:02:40,모란,8141,14:10:40,모란,8143,14:18:40,모란,8145,14:26:40,모란,8147,14:34:40,모란,8149,14:42:40,모란,8151,14:50:40,모란,8153,14:58:40,모란,8155,15:06:40,모란,8157,15:14:40,모란,8159,15:22:40,모란,8161,15:30:40,모란,8163,15:38:40,모란,8165,15:46:40,모란,8167,15:54:40,모란,8169,16:02:40,모란,8171,16:10:40,모란,8173,16:18:40,모란,8175,16:26:40,모란,8177,16:34:40,모란,8179,16:42:40,모란,8181,16:50:40,모란,8183,16:58:40,모란,8185,17:06:40,모란,8187,17:14:40,모란,8189,17:22:40,모란,8191,17:30:40,모란,8193,17:38:40,모란,8195,17:46:40,모란,8197,17:54:40,모란,8199,18:02:40,모란,8201,18:10:40,모란,8203,18:18:40,모란,8205,18:25:40,모란,8207,18:31:40,모란,8209,18:37:40,모란,8211,18:43:40,모란,8213,18:49:40,모란,8215,18:55:40,모란,8217,19:01:40,모란,8219,19:07:40,모란,8221,19:13:40,모란,8223,19:19:40,모란,8225,19:25:40,모란,8227,19:31:40,모란,8229,19:37:40,모란,8231,19:43:40,모란,8233,19:49:40,모란,8235,19:56:10,모란,8237,20:02:40,모란,8239,20:09:10,모란,8241,20:15:40,모란,8243,20:22:40,모란,8245,20:29:40,모란,8247,20:36:40,모란,8249,20:43:40,모란,8251,20:50:40,모란,8253,20:57:40,모란,8255,21:04:40,모란,8257,21:11:40,모란,8259,21:19:40,모란,8261,21:27:40,모란,8263,21:35:40,모란,8265,21:43:40,모란,8267,21:51:40,모란,8269,21:59:40,모란,8271,22:07:40,모란,8273,22:15:40,모란,8275,22:24:40,모란,8277,22:33:40,모란,8279,22:42:40,모란,8281,22:51:40,모란,8283,23:00:40,모란,8285,23:09:40,모란,8287,23:19:40,모란,8289,23:29:40,모란,8291,23:39:40,모란,8293,23:51:40,모란,8295,24:04:10,모란, , , ,
8,모란,2827,826,8295,24:06:00,모란,8293,23:53:30,모란,8291,23:41:30,모란,8289,23:31:30,모란,8287,23:21:30,모란,8285,23:11:30,모란,8283,23:02:30,모란,8281,22:53:30,모란,8279,22:44:30,모란,8277,22:35:30,모란,8275,22:26:30,모란,8273,22:17:30,모란,8271,22:09:30,모란,8269,22:01:30,모란,8267,21:53:30,모란,8265,21:45:30,모란,8263,21:37:30,모란,8261,21:29:30,모란,8259,21:21:30,모란,8257,21:13:30,모란,8255,21:06:30,모란,8253,20:59:30,모란,8251,20:52:30,모란,8249,20:45:30,모란,8247,20:38:30,모란,8245,20:31:30,모란,8243,20:24:30,모란,8241,20:17:30,모란,8239,20:11:00,모란,8237,20:04:30,모란,8235,19:58:00,모란,8233,19:51:30,모란,8231,19:45:30,모란,8229,19:39:30,모란,8227,19:33:30,모란,8225,19:27:30,모란,8223,19:21:30,모란,8221,19:15:30,모란,8219,19:09:30,모란,8217,19:03:30,모란,8215,18:57:30,모란,8213,18:51:30,모란,8211,18:45:30,모란,8209,18:39:30,모란,8207,18:33:30,모란,8205,18:27:30,모란,8203,18:20:30,모란,8201,18:12:30,모란,8199,18:04:30,모란,8197,17:56:30,모란,8195,17:48:30,모란,8193,17:40:30,모란,8191,17:32:30,모란,8189,17:24:30,모란,8187,17:16:30,모란,8185,17:08:30,모란,8183,17:00:30,모란,8181,16:52:30,모란,8179,16:44:30,모란,8177,16:36:30,모란,8175,16:28:30,모란,8173,16:20:30,모란,8171,16:12:30,모란,8169,16:04:30,모란,8167,15:56:30,모란,8165,15:48:30,모란,8163,15:40:30,모란,8161,15:32:30,모란,8159,15:24:30,모란,8157,15:16:30,모란,8155,15:08:30,모란,8153,15:00:30,모란,8151,14:52:30,모란,8149,14:44:30,모란,8147,14:36:30,모란,8145,14:28:30,모란,8067,09:26:30,모란,8065,09:20:30,모란,8063,09:15:30,모란,8061,09:11:00,모란,8059,09:06:00,모란,8057,09:01:30,모란,8055,08:57:00,모란,8053,08:52:30,모란,8051,08:48:00,모란,8049,08:43:30,모란,8047,08:39:00,모란,8045,08:34:30,모란,8043,08:30:00,모란,8041,08:25:30,모란,8039,08:21:00,모란,8037,08:16:00,모란,8035,08:10:00,모란,8033,08:04:00,모란,8031,07:58:00,모란,8029,07:52:00,모란,8027,07:46:00,모란,8025,07:40:00,모란,8023,07:33:30,모란,8021,07:26:30,모란,8019,07:18:30,모란,8017,07:09:30,모란,8015,07:00:30,모란,8013,06:51:30,모란,8011,06:41:30,모란,8009,06:31:30,모란,8007,06:21:30,모란,8005,06:11:30,모란,8003,06:01:40,모란,8001,05:45:00,모란,8143,14:20:30,모란,8141,14:12:30,모란,8139,14:04:30,모란,8137,13:56:30,모란,8135,13:48:30,모란,8133,13:40:30,모란,8131,13:32:30,모란,8129,13:24:30,모란,8127,13:16:30,모란,8125,13:08:30,모란,8123,13:00:30,모란,8121,12:52:30,모란,8119,12:44:30,모란,8117,12:36:30,모란,8115,12:28:30,모란,8113,12:20:30,모란,8111,12:12:30,모란,8109,12:04:30,모란,8107,11:56:30,모란,8105,11:48:30,모란,8103,11:40:30,모란,8101,11:32:30,모란,8099,11:24:30,모란,8097,11:16:30,모란,8095,11:08:30,모란,8093,11:00:30,모란,8091,10:52:30,모란,8089,10:44:30,모란,8087,10:36:30,모란,8085,10:28:30,모란,8083,10:20:30,모란,8081,10:12:30,모란,8079,10:05:30,모란,8077,09:58:30,모란,8075,09:51:30,모란,8073,09:44:30,모란,8071,09:38:30,모란,8069,09:32:30,모란, , , ,
